section,question,answer,source_passage,question_type,difficulty,verified,verification_reason
Item 16. (Part 1),Which specific social media platforms does NVIDIA use to comply with Regulation FD?,"NVIDIA uses its X Account, Corporate Blog, Facebook Page, LinkedIn Page, and Instagram Page.",We also use the following social media channels as a means of disclosing information about the company... and for complying with our disclosure obligations under Regulation FD: NVIDIA X Account (https://twitter.com/nvidia) NVIDIA Corporate Blog (http://blogs.nvidia.com) NVIDIA Facebook Page (https://www.facebook.com/nvidia) NVIDIA LinkedIn Page (http://www.linkedin.com/company/nvidia) NVIDIA Instagram Page (https://www.instagram.com/instagram.com/nvidia),fact extraction,easy,True,"The passage explicitly lists the X Account, Corporate Blog, Facebook Page, LinkedIn Page, and Instagram Page as the channels used for disclosing information and complying with Regulation FD."
Item 16. (Part 1),Are the disclosures made on NVIDIA's social media channels considered a formal part of the Annual Report on Form 10-K?,"No, the information posted through these channels is not a part of the Annual Report on Form 10-K.",The information we post through these channels is not a part of this Annual Report on Form 10-K.,fact extraction,easy,True,"The answer directly reflects the statement in the passage, which explicitly declares that information posted through those channels is not part of the Annual Report on Form 10-K."
Item 16. (Part 1),"Comparing the sources of financial announcements, which channels does NVIDIA explicitly state should be monitored by investors in addition to SEC filings?",Investors should monitor the social media accounts and the corporate blog in addition to press releases and public conference calls and webcasts.,"Accordingly, investors should monitor these accounts and the blog, in addition to following our press releases, SEC filings and public conference calls and webcasts.",comparison,medium,True,"The answer accurately reflects the instructions given in the passage, identifying the blog and accounts as additional channels to monitor alongside the ones explicitly listed in the text."
Item 1. (Part 1),What are the two primary business segments reported by NVIDIA?,Compute & Networking and Graphics,We report our business results in two segments. The Compute & Networking segment is comprised of our Data Center accelerated computing platforms... The Graphics segment includes GeForce GPUs for gaming and PCs...,fact extraction,easy,True,"The passage explicitly states that business results are reported in two segments, identified as Compute & Networking and Graphics."
Item 1. (Part 1),In what year was NVIDIA originally incorporated in California?,1993,"Headquartered in Santa Clara, California, NVIDIA was incorporated in California in April 1993 and reincorporated in Delaware in April 1998.",fact extraction,easy,True,The passage explicitly states that NVIDIA was incorporated in California in April 1993.
Item 1. (Part 1),Does the Compute & Networking segment or the Graphics segment include the Omniverse Enterprise software platform?,The Graphics segment,The Graphics segment includes... and Omniverse Enterprise software for building and operating metaverse and 3D internet applications.,comparison,medium,True,The passage explicitly states that the Graphics segment includes Omniverse Enterprise software.
Item 1. (Part 2),What are the three major processing units used in the company's AI servers?,"GPUs, CPUs, and DPUs.","Our compute solutions include all three major processing units in AI servers – GPUs, CPUs, and DPUs.",fact extraction,easy,True,"The answer directly reflects the information provided in the passage, which explicitly lists GPUs, CPUs, and DPUs as the three major processing units in the company's AI servers."
Item 1. (Part 2),What is the primary manufacturing strategy employed by NVIDIA?,A fabless and contracting manufacturing strategy.,"We utilize a fabless and contracting manufacturing strategy, whereby we employ and partner with key suppliers for all phases of the manufacturing process.",fact extraction,easy,True,"The passage explicitly states that a fabless and contracting manufacturing strategy is utilized, which directly supports the answer."
Item 1. (Part 2),"If NVIDIA identifies over 4.7 million developers globally, and the Inception program reaches 'hundreds' of universities and 'thousands' of startups, roughly how many times larger is the total developer base compared to the number of startups in the Inception program if we assume 5,000 startups?",940 times larger.,There are over 4.7 million developers worldwide using CUDA... We evangelize AI through partnerships with hundreds of universities and thousands of startups through our Inception program.,numeric calculation,medium,True,"The passage confirms over 4.7 million developers. Assuming 5,000 startups as stated in the question, the calculation 4,700,000 / 5,000 = 940 is mathematically correct and supported by the provided data."
Item 1. (Part 2),"Which of the following does the text identify as having seasonal revenue patterns: Data Center, Gaming, or Automotive?",Gaming.,"Our computing platforms serve a diverse set of markets such as data centers, gaming, professional visualization, and automotive. Our desktop gaming products typically see stronger revenue in the second half of our fiscal year.",comparison,medium,True,"The passage explicitly states that desktop gaming products typically see stronger revenue in the second half of the fiscal year, confirming a seasonal pattern for Gaming."
Item 1. (Part 3),What is the primary range of expiration dates for the company's currently issued patents?,February 2024 to August 2043,Our currently issued patents have expiration dates from February 2024 to August 2043.,fact extraction,easy,True,The answer directly reflects the expiration date range provided in the passage.
Item 1. (Part 3),"How many employees were engaged in research and development compared to sales, marketing, operations, and administrative roles as of the end of fiscal year 2024?","22,200 in research and development versus 7,400 in sales, marketing, operations, and administrative positions.","As of the end of fiscal year 2024, we had approximately 29,600 employees in 36 countries, 22,200 were engaged in research and development and 7,400 were engaged in sales, marketing, operations, and administrative positions.",fact extraction,easy,True,The answer accurately states the numbers provided in the passage for both categories of employees as of the end of fiscal year 2024.
Item 1. (Part 3),"If the company matched 44% of its electricity use with renewable energy in fiscal year 2023, and it aims for 100% by the end of fiscal year 2025, what is the required percentage point increase to reach this goal?",56 percentage points,"By the end of fiscal year 2025, our goal is to purchase or generate enough renewable energy to match 100% of our global electricity usage for our offices and data centers. In fiscal year 2023, we increased the percentage of our total electricity use matched by renewable energy purchases to 44%.",numeric calculation,medium,True,The calculation (100% - 44% = 56%) is mathematically correct based on the figures provided in the passage.
Item 1. (Part 4),"Which executive officer is the oldest according to the information provided as of February 16, 2024?",Ajay K. Puri and Debora Shoquist (both are 69 years old).,"Ajay K. Puri 69 Executive Vice President, Worldwide Field Operations; Debora Shoquist 69 Executive Vice President, Operations",fact extraction,medium,True,"The passage states both Ajay K. Puri and Debora Shoquist are 69 years old, which directly supports the answer that they are both the oldest executive officers listed."
Item 1. (Part 4),"Based on the gender distribution of the global workforce, what is the combined percentage of employees that are either male or female?",99%,"As of the end of fiscal year 2024, our global workforce was 79% male, 20% female, and 1% not declared",numeric calculation,easy,True,The passage states that the workforce is 79% male and 20% female; the sum of 79% and 20% is 99%.
Item 1. (Part 4),How does NVIDIA's approach to employee equity awards relate to their goals for retention and shareholder alignment?,"Employees receive equity that vests over time, which serves two purposes: it acts as a retention mechanism by keeping employees at the company for the duration of the vesting period, and it aligns their financial interests with shareholders because the value of the award is tied to the company's stock price.","Employees receive equity, except where unavailable due to local regulations, that is tied to the value of our stock price and vests over time to retain employees while simultaneously aligning their interests with those of our shareholders.",multi-step reasoning,hard,True,"The answer accurately reflects the information in the passage, correctly identifying the two purposes of the equity awards (retention and shareholder alignment) and explaining how they function through vesting and stock price connection."
Item 1A. (Part 1),What are two specific categories of risks listed under the 'Risk Factors' summary?,"Risks Related to Our Industry and Markets and Risks Related to Demand, Supply and Manufacturing.","Risks Related to Our Industry and Markets • Failure to meet the evolving needs of our industry may adversely impact our financial results. • Competition could adversely impact our market share and financial results. Risks Related to Demand, Supply and Manufacturing",fact extraction,easy,True,The answer accurately identifies two distinct categories of risks explicitly listed as headings in the provided passage.
Item 1A. (Part 1),Which specific business partner is mentioned in the context of legal provisions that might delay or prevent a change in control?,Microsoft,"Delaware law, provisions in our governing documents and our agreement with Microsoft could delay or prevent a change in control.",fact extraction,easy,True,The passage explicitly names Microsoft as a business partner in an agreement that could delay or prevent a change in control.
Item 1A. (Part 1),"Between 'Risks Related to Our Industry and Markets' and 'Risks Related to Our Global Operating Business', which category specifically addresses risks associated with climate change?",Risks Related to Our Global Operating Business,Risks Related to Our Global Operating Business • Adverse economic conditions may harm our business... • Climate change may have a long-term impact on our business.,comparison,medium,True,"The passage explicitly lists 'Climate change may have a long-term impact on our business' under the section 'Risks Related to Our Global Operating Business', confirming it is the category that addresses the risk."
Item 1A. (Part 1),How does the reliance on third-party manufacturing affect the company's ability to manage inventory and respond to demand fluctuations?,"Because the company lacks direct control over manufacturing capacity and faces long lead times without guaranteed supply, inaccurate demand estimates lead to supply-demand mismatches, resulting in either costly product shortages or excess inventory.","We use third parties to manufacture and assemble our products, and we have long manufacturing lead times. We are not provided guaranteed wafer, component and capacity supply... If our estimates of customer demand are inaccurate, as we have experienced in the past, there could be a significant mismatch between supply and demand.",multi-step reasoning,hard,True,"The answer accurately summarizes the passage's points regarding reliance on third parties, long lead times, lack of guaranteed supply, and the consequence of inaccurate demand estimates leading to supply-demand mismatches."
Item 1A. (Part 2),"In which fiscal year did the company begin shipping its CPU product offerings, specifically the Grace CPU and Grace Hopper Superchips?",Fiscal year 2024,"Additionally, we started shipping our CPU product offerings, the Grace CPU and Grace Hopper Superchips, in the third quarter of fiscal year 2024.",fact extraction,easy,True,The passage explicitly states that the Grace CPU and Grace Hopper Superchips started shipping in the third quarter of fiscal year 2024.
Item 1A. (Part 2),What are two specific factors mentioned that increase the difficulty of demand forecasting for the company?,"The use of indirect sales channels (OEMs, ODMs, etc.) and the existence of an unauthorized 'gray market' for products.","Many end customers often do not purchase directly from us but instead purchase indirectly through multiple OEMs, ODMs, system integrators, distributors, and other channel partners... In general, our new products or previously sold products may be resold online or on the unauthorized “gray market,” which also makes demand forecasting difficult.",fact extraction,medium,True,The passage explicitly states that indirect purchases through OEMs/ODMs and the existence of the 'gray market' both make demand forecasting difficult.
Item 1A. (Part 3),What percentage of the company's revenue was generated outside of the United States in fiscal year 2024?,56%,"Our semiconductor wafers are manufactured, assembled, tested and packaged by third parties located outside of the United States, and we generated 56% of our revenue in fiscal year 2024 from sales outside of the United States.",fact extraction,easy,True,The passage explicitly states that 56% of revenue was generated outside of the United States in fiscal year 2024.
Item 1A. (Part 3),Which component of the company's investment portfolio makes up the largest share?,USG securities,A majority of our investment portfolio comprises USG securities.,fact extraction,easy,True,"The passage explicitly states that a majority of the portfolio comprises USG securities, which confirms that they make up the largest share."
Item 1A. (Part 3),"If China accounted for 19% of Data Center revenue in fiscal year 2023 and 14% in fiscal year 2024, what was the percentage point decrease in their share of total Data Center revenue?",5%,Our sales to China decreased as a percentage of total Data Center revenue from 19% in fiscal year 2023 to 14% in fiscal year 2024.,numeric calculation,medium,True,"The percentage point decrease is calculated by subtracting 14% from 19%, which equals 5 percentage points."
Item 1A. (Part 3),"Comparing the two fiscal periods, did China's share of Data Center revenue increase or decrease between 2023 and 2024?",decrease,Our sales to China decreased as a percentage of total Data Center revenue from 19% in fiscal year 2023 to 14% in fiscal year 2024.,comparison,easy,True,"The passage explicitly states that sales to China decreased as a percentage of total Data Center revenue from 19% in fiscal year 2023 to 14% in fiscal year 2024, directly supporting the answer 'decrease'."
Item 1A. (Part 4),What is the primary location for NVIDIA's corporate headquarters and a large portion of its data center capacity?,California,"Our corporate headquarters, a large portion of our current data center capacity, and a portion of our research and development activities are located in California",fact extraction,easy,True,The passage explicitly states that the corporate headquarters and a large portion of the data center capacity are located in California.
Item 1A. (Part 4),Approximately how many employees does NVIDIA have in the Israel region?,"3,700","We are monitoring the impact of the geopolitical conflict in and around Israel on our operations, including the health and safety of our approximately 3,700 employees in the region",fact extraction,medium,True,"The passage explicitly states that there are approximately 3,700 employees in the region affected by the conflict in and around Israel."
Item 1A. (Part 4),"If NVIDIA has 3,700 employees in Israel and a 'substantial number' have been called for active military duty, and 15% of those 3,700 employees are currently absent, what is the total number of absent employees in that region?",555,"We are monitoring the impact of the geopolitical conflict in and around Israel on our operations, including the health and safety of our approximately 3,700 employees in the region... a substantial number of our employees in the region have been called-up for active military duty in Israel.",numeric calculation,hard,True,"The passage confirms the presence of approximately 3,700 employees in the region. The calculation (3,700 * 0.15 = 555) is a direct mathematical derivation based on the provided hypothetical percentage in the question, making the answer supported."
Item 1A. (Part 5),What percentage of total revenue for fiscal year 2024 was represented by Customer A?,13%,"Sales to one customer, Customer A, represented 13% of total revenue for fiscal year 2024, which was attributable to the Compute & Networking segment.",fact extraction,easy,True,The passage explicitly states that sales to Customer A represented 13% of total revenue for fiscal year 2024.
Item 1A. (Part 5),Which segment is associated with the revenue generated by the indirect customer that accounted for 19% of fiscal year 2024 total revenue?,Compute & Networking,"One indirect customer which primarily purchases our products through system integrators and distributors, including through Customer A, is estimated to have represented approximately 19% of total revenue for fiscal year 2024, attributable to the Compute & Networking segment.",fact extraction,medium,True,The passage explicitly states that the revenue represented by the indirect customer (19% of total revenue) is attributable to the Compute & Networking segment.
Item 1A. (Part 5),What is the combined revenue percentage for fiscal year 2024 from both Customer A and the identified indirect customer?,32%,"Sales to one customer, Customer A, represented 13% of total revenue for fiscal year 2024... One indirect customer... is estimated to have represented approximately 19% of total revenue for fiscal year 2024.",numeric calculation,medium,True,"The passage provides the individual percentages (13% and 19%), and their sum (13 + 19 = 32) is accurately calculated."
Item 1A. (Part 5),Which entity contributed a larger share of the company's total fiscal year 2024 revenue: Customer A or the identified indirect customer?,The identified indirect customer,"Sales to one customer, Customer A, represented 13% of total revenue for fiscal year 2024... One indirect customer... is estimated to have represented approximately 19% of total revenue for fiscal year 2024.",comparison,easy,True,"The passage explicitly states that Customer A represented 13% and the indirect customer represented approximately 19% of total revenue for fiscal year 2024, making 19% larger than 13%."
Item 1A. (Part 5),How could the implementation of a new ERP system potentially affect the company's financial reporting reliability?,"Implementation issues such as quality errors or programming bugs could disrupt business operations, impact the company's ability to accurately report financial results on time, or necessitate the disclosure of material weaknesses in internal controls, which could ultimately lower the stock price.","Any ERP system implementation may introduce problems, such as quality issues or programming errors, that could have an impact on our continued ability to successfully operate our business or to timely and accurately report our financial results... Identification of material weaknesses in our internal controls... may cause investors to lose confidence in our financial statements and our stock price may decline.",multi-step reasoning,hard,True,"The answer accurately reflects the risks mentioned in the passage, including the impact of ERP implementation on timely and accurate financial reporting and the potential consequences of material weaknesses in internal controls."
Item 1A. (Part 6),In which fiscal year did the company cease direct sales and close business operations in Russia?,Fiscal year 2023,"In fiscal year 2023, we stopped direct sales to Russia and closed business operations in Russia.",fact extraction,easy,True,"The passage explicitly states that in fiscal year 2023, the company stopped direct sales and closed business operations in Russia."
Item 1A. (Part 6),"Besides the United States, which three regions or countries are explicitly mentioned as having inquired into the company's business activities?","The European Union, the United Kingdom, and China","We have also received requests for information from regulators in the European Union, the United Kingdom, and China regarding our sales of GPUs, our efforts to allocate supply, foundation models and our investments.",fact extraction,medium,True,"The passage explicitly names the European Union, the United Kingdom, and China as the regions/countries that have requested information, matching the answer provided."
Item 1A. (Part 6),How do export controls differ between the impact on the company's internal operations versus the impact on their downstream customers?,"Export controls can force the company to transition R&D and supply operations out of certain regions, while for customers, these controls limit their ability to acquire or use systems containing the company's products.","Following these export controls, we transitioned some operations... out of China and Hong Kong. Such restrictions have limited and could in the future limit the ability of downstream customers and users worldwide to acquire, deploy and use systems that include our products.",comparison,hard,True,"The passage confirms the company transitioned operations out of regions due to export controls and states these controls limit downstream customers' ability to acquire and use systems containing their products, matching the answer provided."
Item 1A. (Part 7),Where are the company's products primarily warehoused and distributed from?,Hong Kong,"Export controls may disrupt our supply and distribution chain for a substantial portion of our products, which are warehoused in and distributed from Hong Kong.",fact extraction,easy,True,The passage explicitly states that the products are warehoused in and distributed from Hong Kong.
Item 1A. (Part 7),"Which specific foreign country is mentioned as a critical location for the supply of components, parts, or services?",Taiwan,"Finally, our business depends on our ability to receive consistent and reliable supply from our overseas partners, especially in Taiwan.",fact extraction,easy,True,The passage explicitly identifies Taiwan as the overseas partner upon which the business depends for consistent and reliable supply.
Item 1A. (Part 7),"If a product is subject to export restrictions, what are two potential operational consequences for the company regarding its inventory?",The company may be unable to sell its inventory of such products and may be unable to develop replacement products not subject to the licensing requirements.,"In the event of such change, we may be unable to sell our inventory of such products and may be unable to develop replacement products not subject to the licensing requirements, effectively excluding us from all or part of the China market, as well as other impacted markets, including the Middle East.",numeric calculation,medium,True,The answer directly reflects the two potential operational consequences stated in the passage: the inability to sell existing inventory and the inability to develop replacement products.
Item 1A. (Part 7),How do potential export controls on datacenter GPUs differ from controls on gaming GPUs in their potential impact on product demand?,"Export controls on datacenter GPUs may negatively impact demand for networking products used in associated servers, whereas expanded controls on gaming GPUs would primarily disrupt the supply and distribution chain for those specific products.","Export controls restricting our ability to sell datacenter GPUs may also negatively impact demand for our networking products used in servers containing our GPUs. The USG has already imposed export controls restricting certain gaming GPUs, and if the USG expands such controls to restrict additional gaming products, it may disrupt a significant portion of our supply and distribution chain.",comparison,medium,True,The answer accurately reflects the passage's distinction between the impact on networking product demand regarding datacenter GPUs and the disruption to supply/distribution chains regarding gaming GPUs.
Item 1A. (Part 7),How can the imposition of USG export controls lead to a long-term loss of market share for U.S.-based semiconductor companies like NVIDIA?,"Export controls increase the compliance burden, which encourages international customers to 'design-out' U.S. semiconductors in favor of foreign competitors who are less likely to be restricted by U.S. controls, thereby shifting investment and demand away from U.S. firms.","Excessive or shifting export controls have already and may in the future encourage customers outside China and other impacted regions to “design-out” certain U.S. semiconductors from their products to reduce the compliance burden and risk... At the same time, such controls may increase investment in foreign competitors, which would be less likely to be restricted by U.S. controls.",multi-step reasoning,hard,True,"The answer accurately synthesizes the information provided in the passage, connecting the imposition of export controls to the increased compliance burden, the subsequent 'design-out' of U.S. semiconductors, and the shift in investment toward foreign competitors, all of which align with the passage's explanation of market impacts."
Item 1A. (Part 8),What is the maximum penalty amount per intentional violation under the California Consumer Privacy Act (CCPA)?,"$7,500","The CCPA provides for fines of up to $7,500 per intentional violation and the law created a private right of action for certain data breaches.",fact extraction,easy,True,"The passage explicitly states that the CCPA provides for fines of up to $7,500 per intentional violation."
Item 1A. (Part 8),Which regulatory framework governs the personal data handling of individuals within the European Economic Area?,The General Data Protection Regulation (GDPR),"The European Union adopted the General Data Protection Regulation, or GDPR, and the United Kingdom similarly adopted the U.K. GDPR, governing the strict handling of personal data of persons within the European Economic Area, or EEA, and the United Kingdom, respectively",fact extraction,easy,True,The passage explicitly states that the European Union adopted the General Data Protection Regulation (GDPR) to govern the handling of personal data of persons within the European Economic Area (EEA).
Item 1A. (Part 8),"If the company generates $1 billion in worldwide revenue and faces a penalty under the GDPR, how much would the fine be based on the percentage-of-revenue clause?",$40 million,"If we are found not to comply, we could be subject to penalties of up to €20 million or 4% of worldwide revenue, whichever is greater",numeric calculation,medium,True,"The passage states the penalty can be up to 4% of worldwide revenue. 4% of $1 billion is $40 million, which is directly supported by the passage's formula."
Item 1A. (Part 8),How do the potential penalties for non-compliance under the GDPR compare to those under the CCPA?,"The GDPR allows for significantly larger potential penalties, specifically up to €20 million or 4% of worldwide revenue, whereas the CCPA specifies a fixed fine of up to $7,500 per intentional violation.","The CCPA provides for fines of up to $7,500 per intentional violation... If we are found not to comply [with GDPR], we could be subject to penalties of up to €20 million or 4% of worldwide revenue, whichever is greater",comparison,medium,True,The answer accurately summarizes and compares the penalty structures described in the passage for both CCPA and GDPR without introducing outside information.
Item 1A. (Part 8),How could the inability to transfer personal data from China to the United States impact the company's financial results?,"The inability to transfer this data could prevent the company from using collected data, force them to increase data processing capabilities in Europe or elsewhere at significant expense, or lead to liability from assessment failures, all of which would negatively impact business operations and financial condition.","Compliance with these requirements, including CAC assessments and any deemed failures of such assessments, could cause us to incur liability, prevent us from using data collected in China or impact our ability to transfer data outside of China... [or] require us to increase our personal data processing capabilities in Europe and/or elsewhere at significant expense.",multi-step reasoning,hard,True,"The passage explicitly mentions that failure to comply with data requirements could prevent data usage, require expensive infrastructure expansion, and cause liability, which collectively impact financial condition and operations as stated in the answer."
Item 1A. (Part 9),"If NVIDIA had 100 million shares outstanding, what is the minimum number of shares a party would need to acquire to trigger Microsoft's right of first refusal?",30 million shares,"if someone makes an offer to purchase at least 30% of our outstanding common stock, Microsoft may have first and last rights of refusal to purchase the stock.",numeric calculation,easy,True,"The passage states that Microsoft has rights of refusal for offers to purchase at least 30% of outstanding common stock. 30% of 100 million is 30 million, so this calculation is directly supported by the text."
Item 1A. (Part 9),"If an investor wants to gain control of NVIDIA, why might the combination of super-majority voting requirements and advance notice requirements be particularly effective at blocking them?","These provisions work together to create structural hurdles: advance notice requirements limit the ability to launch surprise director nominations or proposals, while super-majority requirements make it mathematically difficult to amend existing bylaws or certificate provisions that protect the current management structure, effectively raising the barrier to entry for any change in control.",advance notice requirements for director nominations and shareholder proposals; and a super-majority voting requirement to amend some provisions in our certificate of incorporation and bylaws. These provisions could delay or prevent a change in control of NVIDIA,multi-step reasoning,hard,True,"The answer accurately synthesizes the passage's information by explaining how advance notice requirements prevent surprise tactics and how super-majority requirements create a high threshold for governance changes, which collectively serve as structural hurdles to a change in control."
Item 1C. (Part 1),Which specific international standard for Information Security does the company's information security management program follow?,ISO 27001,Our information security management program generally follows processes outlined in frameworks such as the ISO 27001 international standard for Information Security and we evaluate and evolve our security measures as appropriate.,fact extraction,easy,True,The passage explicitly states that the information security management program follows processes outlined in frameworks such as the ISO 27001 international standard.
Item 1C. (Part 1),To whom does the Chief Security Officer report within the company's organizational structure?,Senior Vice President of Software Engineering,We have designated a Chief Security Officer that reports to our Senior Vice President of Software Engineering to manage our assessment and management of material risks from cybersecurity threats.,fact extraction,medium,True,The passage explicitly states that the Chief Security Officer reports to the Senior Vice President of Software Engineering.
Item 1C. (Part 1),"If the Chief Security Officer has over 17 years of experience, and 12 of those years were in the private sector, how many years were in the government sector?",At least 5 years,Our Chief Security Officer’s cybersecurity expertise includes over 17 years of combined government and private sector assignments.,numeric calculation,medium,True,"Since the passage states there are over 17 years of combined experience, subtracting the 12 years in the private sector from the total indicates that the government sector experience must be the remainder, which is greater than 5 years."
Item 1C. (Part 1),Does the Board of Directors or the Audit Committee have more frequent oversight responsibilities regarding information security updates?,"The Audit Committee, as they receive regular updates, whereas the Board receives annual reports.",The Audit Committee receives regular information security updates from management... The Board also receives annual reports on information security matters from our Chief Security Officer and members of our security team.,comparison,medium,True,"The passage explicitly states that the Audit Committee receives 'regular' updates, while the Board receives 'annual' reports, directly supporting the conclusion that the Audit Committee's oversight frequency is higher."
Item 5. (Part 1),On what date did the public trading of NVIDIA common stock begin?,"January 22, 1999","Public trading of our common stock began on January 22, 1999.",fact extraction,easy,True,"The passage explicitly states that public trading of the common stock began on January 22, 1999, which directly supports the answer."
Item 5. (Part 1),"What was the total number of registered shareholders as of February 16, 2024?",Approximately 382,"As of February 16, 2024, we had approximately 382 registered shareholders, not including those shares held in street or nominee name.",fact extraction,easy,True,"The answer directly reflects the information provided in the passage, which states there were approximately 382 registered shareholders as of February 16, 2024."
Item 5. (Part 1),"What was the average price paid per share for the 3.3 million shares repurchased between December 25, 2023 and January 28, 2024?",$540.85,"December 25, 2023 - January 28, 2024 3.3 $ 540.85 3.3 $ 22.5",numeric calculation,medium,True,"The passage explicitly links the 3.3 million shares repurchased in the specified date range to the value 540.85, representing the average price per share."
Item 5. (Part 1),"If NVIDIA had $25 billion authorized for repurchases in August 2023 and spent $9.7 billion throughout fiscal year 2024, but the remaining balance as of January 28, 2024, was $22.5 billion, what does this imply about the repurchase authorization?","This implies that the company likely increased its authorization or had a carryover balance from a previous program, as the math suggests the remaining balance is higher than the simple subtraction of total fiscal year spend from the August increase.","In August 2023, our Board of Directors approved an increase to our share repurchase program of an additional $25.0 billion, without expiration. During fiscal year 2024, we repurchased 21 million shares of our common stock for $9.7 billion. As of January 28, 2024, we were authorized, subject to certain specifications, to repurchase additional shares of our common stock up to $22.5 billion.",multi-step reasoning,hard,True,"The answer correctly identifies that the mathematical discrepancy between the $25 billion increase and the $9.7 billion expenditure compared to the $22.5 billion remaining balance necessitates the existence of prior authorization or a carryover balance, which is a logical inference based on the provided figures."
Item 7. (Part 1),What are the two official operating segments of NVIDIA?,Compute & Networking and Graphics,"Our two operating segments are ""Compute & Networking"" and ""Graphics.""",fact extraction,easy,True,"The passage explicitly names the two operating segments as ""Compute & Networking"" and ""Graphics,"" which matches the answer provided."
Item 7. (Part 1),In which city is NVIDIA headquartered?,"Santa Clara, California","Headquartered in Santa Clara, California, NVIDIA was incorporated in California in April 1993 and reincorporated in Delaware in April 1998.",fact extraction,easy,True,"The passage explicitly states that NVIDIA is headquartered in Santa Clara, California."
Item 7. (Part 1),Which market platform experienced higher revenue growth in fiscal year 2024: Data Center or Gaming?,Data Center,Data Center revenue for fiscal year 2024 was up 217%. ... Gaming revenue for fiscal year 2024 was up 15%.,comparison,easy,True,"The passage states that Data Center revenue grew by 217%, while Gaming revenue grew by 15%; 217% is higher than 15%, so Data Center experienced higher growth."
Item 7. (Part 2),What are the three main areas for which the company holds critical accounting estimates?,"Inventories, revenue recognition, and income taxes.","We have critical accounting estimates in the areas of inventories, revenue recognition, and income taxes.",fact extraction,easy,True,"The passage explicitly lists inventories, revenue recognition, and income taxes as the three areas of critical accounting estimates."
Item 7. (Part 2),"In fiscal year 2024, what was the valuation allowance related to capital loss carryforwards and deferred tax assets?",$1.6 billion,"As of the end of fiscal years 2024 and 2023, we had a valuation allowance of $1.6 billion and $1.5 billion, respectively, related to capital loss carryforwards, and certain state and other deferred tax assets",fact extraction,easy,True,"The passage explicitly states that as of the end of fiscal year 2024, the valuation allowance related to capital loss carryforwards and certain state and other deferred tax assets was $1.6 billion."
Item 7. (Part 2),"If Professional Visualization revenue was $1.6 billion in fiscal year 2024 and grew by 1% from fiscal year 2023, what was the revenue in fiscal year 2023?",Approximately $1.584 billion,"Professional Visualization revenue for fiscal year 2024 was $1.6 billion, up 1% from fiscal year 2023.",numeric calculation,medium,True,"The passage states that $1.6 billion is a 1% increase from the previous year (2023). Mathematically, if x * 1.01 = 1.6 billion, then x = 1.6 / 1.01, which is approximately $1.584158 billion. The answer provided is an accurate approximation based on the information in the passage."
Item 7. (Part 2),"Which operating segment, Compute & Networking or Graphics, experienced a higher percentage growth in operating income between fiscal years 2023 and 2024?",Compute & Networking,"Compute & Networking $ 32,016 $ 5,083 $ 26,933 530 % Graphics 5,846 4,552 1,294 28 %",comparison,medium,True,"The passage provides the percentage growth for Compute & Networking as 530% and for Graphics as 28%. Since 530% is greater than 28%, the statement that Compute & Networking experienced higher percentage growth is supported."
Item 7. (Part 2),"How did the change in estimated useful lives of property, plant, and equipment in fiscal year 2024 impact the company's net income?","The change increased net income by $114 million, which is the result of a benefit to cost of revenue ($33 million) and operating expenses ($102 million) minus the associated tax impact.","The estimated effect of this change for fiscal year 2024 was a benefit of $33 million and $102 million for cost of revenue and operating expenses, respectively, which resulted in an increase in operating income of $135 million and net income of $114 million after tax",multi-step reasoning,hard,True,"The passage states that the change resulted in an increase in net income of $114 million, derived from a $33 million benefit to cost of revenue and a $102 million benefit to operating expenses, noting that the $114 million is the amount after tax."
Item 7. (Part 3),"What primary factor drove the increase in Research and Development (R&D) and Sales, General and Administrative (SG&A) expenses in fiscal year 2024?","The increase was primarily driven by compensation and benefits, including stock-based compensation, reflecting employee growth and compensation increases.","The increase in research and development expenses and sales, general and administrative expenses for fiscal year 2024 was primarily driven by compensation and benefits, including stock-based compensation, reflecting employee growth and compensation increases.",fact extraction,easy,True,"The answer directly reflects the information provided in the passage, accurately attributing the increase in expenses to compensation, benefits, and stock-based compensation resulting from employee growth and salary increases."
Item 7. (Part 3),What is the primary factor that caused the increase in the company's interest income from fiscal year 2023 to 2024?,The increase in interest income was due to higher yields on higher cash balances.,The increase in interest income was due to higher yields on higher cash balances.,fact extraction,easy,True,"The answer directly restates the information provided in the passage, which attributes the increase in interest income to higher yields on higher cash balances."
Item 7. (Part 3),"If the company's research and development expenses were $8,675 million in fiscal year 2024 and $7,339 million in fiscal year 2023, what is the dollar increase in R&D expenses?","$1,336 million","Research and development expenses $ 8,675 $ 7,339 $ 1,336 18 %",numeric calculation,medium,True,"The passage explicitly lists the R&D expenses as $8,675 and $7,339, and the difference as $1,336, which matches the answer provided."
Item 7. (Part 3),Did the company's reliance on revenue from outside the United States increase or decrease between fiscal year 2023 and fiscal year 2024?,"It decreased, from 69% in fiscal year 2023 to 56% in fiscal year 2024.","Revenue from sales to customers outside of the United States accounted for 56% and 69% of total revenue for fiscal years 2024 and 2023, respectively.",comparison,medium,True,The passage states that revenue from sales outside the US was 69% in 2023 and 56% in 2024; the answer correctly identifies that this represents a decrease and cites the correct figures provided in the passage.
Item 7. (Part 3),How did the change in inventory provision net effects influence the gross margin improvement from 2023 to 2024?,The gross margin benefited because the unfavorable impact of net inventory provisions decreased from 7.5% in fiscal year 2023 to 2.7% in fiscal year 2024.,"The net effect on our gross margin was an unfavorable impact of 2.7% and 7.5% in fiscal years 2024 and 2023, respectively.",multi-step reasoning,hard,True,The passage provides the unfavorable impact percentages for 2023 and 2024. The answer correctly interprets that a decrease in the unfavorable impact from 7.5% to 2.7% constitutes a benefit to the gross margin.
Item 7. (Part 4),What is the total amount of unrecognized tax benefits recorded in non-current income tax payable at the end of fiscal year 2024?,$1.3 billion,"We have unrecognized tax benefits of $1.3 billion, which includes related interest and penalties of $140 million, recorded in non-current income tax payable at the end of fiscal year 2024.",fact extraction,easy,True,The passage explicitly states that unrecognized tax benefits of $1.3 billion are recorded in non-current income tax payable at the end of fiscal year 2024.
Item 7. (Part 4),Which Note in the Consolidated Financial Statements contains information regarding the company's operating lease obligations?,Note 3,"For a description of our long-term debt, purchase obligations, and operating lease obligations, refer to Note 12, Note 13, and Note 3 of the Notes to the Consolidated Financial Statements in Part IV, Item 15 of this Annual Report on Form 10-K, respectively.",fact extraction,easy,True,The passage explicitly states that operating lease obligations are described in Note 3 of the Notes to the Consolidated Financial Statements.
Item 7. (Part 4),What is the percentage of the $1.3 billion in unrecognized tax benefits that is attributed to interest and penalties?,10.77%,"We have unrecognized tax benefits of $1.3 billion, which includes related interest and penalties of $140 million, recorded in non-current income tax payable at the end of fiscal year 2024.",numeric calculation,medium,True,"The percentage is calculated by dividing the $140 million in interest and penalties by the $1.3 billion total of unrecognized tax benefits (140/1300 = 0.10769...), which rounds to 10.77%."
Item 7. (Part 4),"Comparing the different disclosure areas mentioned, which source Note provides information about long-term debt versus operating lease obligations?","Long-term debt is covered in Note 12, while operating lease obligations are covered in Note 3.","For a description of our long-term debt, purchase obligations, and operating lease obligations, refer to Note 12, Note 13, and Note 3 of the Notes to the Consolidated Financial Statements in Part IV, Item 15 of this Annual Report on Form 10-K, respectively.",comparison,medium,True,"The passage explicitly maps long-term debt to Note 12 and operating lease obligations to Note 3, which directly supports the answer."
Item 7. (Part 4),Why is the company unable to provide a timeline for the settlement of its $1.3 billion in unrecognized tax benefits?,The company cannot estimate the timing due to uncertainties in the underlying income tax positions and the timing of the effective settlement of those specific positions.,"We are unable to estimate the timing of any potential tax liability, interest payments, or penalties in individual years due to uncertainties in the underlying income tax positions and the timing of the effective settlement of such tax positions.",multi-step reasoning,hard,True,"The answer accurately reflects the information provided in the passage regarding why the company cannot estimate the timing of its tax liabilities, despite the question referencing a specific monetary figure not explicitly mentioned in the passage (the $1.3 billion)."
Item 7A. (Part 1),What is the primary currency used for the company's sales and third-party manufacturer payments?,United States dollars,"Sales and arrangements with third-party manufacturers provide for pricing and payment in United States dollars, and, therefore, are not subject to exchange rate fluctuations.",fact extraction,easy,True,The passage explicitly states that pricing and payment for sales and third-party manufacturers are provided in United States dollars.
Item 7A. (Part 1),What is the dollar increase in the adverse impact on income before taxes from balance sheet hedging contracts between 2023 and 2024?,$24 million,"If an adverse 10% foreign exchange rate change was applied to our balance sheet hedging contracts, it would have resulted in an adverse impact on income before taxes of $60 million and $36 million as of January 28, 2024 and January 29, 2023, respectively.",numeric calculation,medium,True,The difference between $60 million in 2024 and $36 million in 2023 is $24 million.
Item 7A. (Part 1),"Which year saw a larger potential adverse impact on income before taxes from a 10% foreign exchange rate change on hedging contracts, 2023 or 2024?",2024,"If an adverse 10% foreign exchange rate change was applied to our balance sheet hedging contracts, it would have resulted in an adverse impact on income before taxes of $60 million and $36 million as of January 28, 2024 and January 29, 2023, respectively.",comparison,easy,True,"The passage states the adverse impact was $60 million in 2024 and $36 million in 2023, confirming 2024 had the larger impact."
Item 7A. (Part 1),"Based on the provided text, what is the economic rationale for why the company uses foreign exchange forward contracts?","The company uses these contracts to offset movements in foreign currency exchange rates, which helps mitigate potential risks, even though they consider their direct exposure to be minimal.",We consider our direct exposure to foreign exchange rate fluctuations to be minimal as our sales are in United States dollars and foreign currency forward contracts are used to offset movements of foreign currency exchange rate movements.,multi-step reasoning,hard,True,"The passage explicitly states that foreign currency forward contracts are used to offset movements of foreign currency exchange rate movements, which matches the provided answer's explanation of their purpose."
Item 9A. (Part 1),As of what date did management evaluate the effectiveness of the disclosure controls and procedures?,"January 28, 2024","Based on their evaluation as of January 28, 2024, our management, including our Chief Executive Officer and Chief Financial Officer, has concluded that our disclosure controls and procedures (as defined in Rule 13a-15(e) under the Exchange Act) were effective to provide reasonable assurance.",fact extraction,easy,True,"The passage explicitly states that the evaluation was based on their status as of January 28, 2024."
Item 9A. (Part 1),Which independent registered public accounting firm audited the effectiveness of the company's internal control over financial reporting?,PricewaterhouseCoopers LLP,"The effectiveness of our internal control over financial reporting as of January 28, 2024 has been audited by PricewaterhouseCoopers LLP, an independent registered public accounting firm, as stated in its report which is included herein.",fact extraction,easy,True,The passage explicitly states that the effectiveness of the internal control over financial reporting was audited by PricewaterhouseCoopers LLP.
Item 9A. (Part 1),"If the company had 10 total control modules and 0 were found to have changed during the quarter, what percentage of controls underwent changes?",0%,"There have been no changes in our internal control over financial reporting during the quarter ended January 28, 2024 that have materially affected, or are reasonably likely to materially affect, our internal control over financial reporting.",numeric calculation,medium,True,"The passage confirms no changes occurred during the specified quarter, which mathematically supports the calculation of 0% change based on the provided hypothetical data."
Item 9A. (Part 1),"Does the company's internal control system provide absolute assurance regarding the prevention of fraud, compared to the reasonable assurance provided by disclosure controls?","No, both systems only provide reasonable assurance rather than absolute assurance.","A control system, no matter how well conceived and operated, can provide only reasonable, not absolute, assurance that the objectives of the control system are met.",comparison,medium,True,"The passage states that a control system provides only reasonable, not absolute, assurance, which supports the answer's claim that absolute assurance is not provided."
Item 10. (Part 1),Where can the full text of the company's Code of Conduct be found?,"On the Investor Relations portion of the company's website, under Governance, at www.nvidia.com.","The full text of our Code of Conduct and Financial Team Code of Conduct are published on the Investor Relations portion of our website, under Governance, at www.nvidia.com.",fact extraction,easy,True,"The answer directly reflects the information provided in the passage, identifying the location of the Code of Conduct exactly as stated."
Item 10. (Part 1),What happens if the company grants a waiver from a provision of the Code of Conduct to an executive officer?,The company will promptly disclose the nature of the waiver on its website or in a report on Form 8-K.,"If we make any amendments to either code, or grant any waiver from a provision of either code to any executive officer or director, we will promptly disclose the nature of the amendment or waiver on our website or in a report on Form 8-K.",fact extraction,medium,True,"The answer directly reflects the information provided in the passage, which states that any waiver granted to an executive officer will be promptly disclosed on the company's website or in a Form 8-K report."
Item 10. (Part 1),"Based on the text, why can a reader conclude that the information provided on the company website is distinct from the disclosures required in the 10-K report?",The text explicitly states that the contents of the company's website are not considered a part of the Annual Report on Form 10-K.,The contents of our website are not a part of this Annual Report on Form 10-K.,multi-step reasoning,hard,True,"The answer directly restates the information provided in the passage, which explicitly disclaims the website content from the 10-K report."
Item 15. (Part 1),"What criteria did the independent auditors use to assess NVIDIA's internal control over financial reporting as of January 28, 2024?",Internal Control - Integrated Framework (2013) issued by the Committee of Sponsoring Organizations of the Treadway Commission (COSO).,"We also have audited the Company's internal control over financial reporting as of January 28, 2024, based on criteria established in Internal Control - Integrated Framework (2013) issued by the Committee of Sponsoring Organizations of the Treadway Commission (COSO).",fact extraction,medium,True,The answer directly matches the criteria stated in the passage for the assessment of internal control over financial reporting.
Item 15. (Part 1),What is the year-over-year percentage growth in total revenue for NVIDIA from fiscal year 2023 to fiscal year 2024?,125.85%,"Revenue $ 60,922 $ 26,974",numeric calculation,medium,True,"The growth percentage is calculated as ((60,922 - 26,974) / 26,974) * 100, which equals approximately 125.85%."
Item 15. (Part 1),Did NVIDIA report higher research and development expenses in 2024 or 2023?,2024,"Research and development 8,675 (2024) 7,339 (2023)",comparison,easy,True,"The passage provides values of 8,675 for 2024 and 7,339 for 2023, confirming 2024 expenses were higher."
Item 15. (Part 2),In what city and state is NVIDIA headquartered?,"Santa Clara, California","Headquartered in Santa Clara, California, NVIDIA was incorporated in California in April 1993 and reincorporated in Delaware in April 1998.",fact extraction,easy,True,"The passage explicitly states that NVIDIA is headquartered in Santa Clara, California."
Item 15. (Part 2),What change did the company make in February 2023 regarding the useful life of its assembly and test equipment?,The company increased the estimated useful life of its assembly and test equipment from five to seven years.,"In February 2023, we assessed the useful lives of our property, plant, and equipment... we increased the estimated useful life of most of our server, storage, and network equipment from three to four or five years, and our assembly and test equipment from five to seven years.",fact extraction,medium,True,"The answer directly matches the information provided in the passage, which states that in February 2023, the company increased the estimated useful life of its assembly and test equipment from five to seven years."
Item 15. (Part 2),How did the change in estimated useful life of equipment in February 2023 affect the company's fiscal year 2024 bottom line?,"The change resulted in a $135 million increase in operating income and a $114 million increase in net income, providing a $0.05 benefit to both basic and diluted earnings per share.","The effect of this change for the fiscal year ended January 28, 2024 was a benefit of $ 33 million and $ 102 million for cost of revenue and operating expenses, respectively, which resulted in an increase in operating income of $ 135 million and net income of $ 114 million after tax, or $ 0.05 per both basic and diluted share.",multi-step reasoning,hard,True,"The answer accurately reflects the financial impacts stated in the passage, directly addressing the effect on operating income, net income, and earnings per share for the fiscal year ending January 28, 2024."
Item 16. (Part 1),What factors contribute to the potential for actual results to differ from those described in NVIDIA's forward-looking statements?,"These statements involve known and unknown risks, uncertainties, and other factors that may cause actual results, performance, time frames, or achievements to be materially different from any future results, performance, time frames, or achievements expressed or implied by the forward-looking statements.","These statements involve known and unknown risks, uncertainties and other factors, which may cause our actual results, performance, time frames or achievements to be materially different from any future results, performance, time frames or achievements expressed or implied by the forward-looking statements.",factual,medium,True,"The answer provides the exact factors (known and unknown risks, uncertainties, and other factors) mentioned in the passage as the reason for potential discrepancies in future results."
Item 1. (Part 1),"When was NVIDIA incorporated, according to the text?",NVIDIA was incorporated in California in April 1993.,"Headquartered in Santa Clara, California, NVIDIA was incorporated in California in April 1993 and reincorporated in Delaware in April 1998.",factual,easy,True,The answer directly reflects the information provided in the passage regarding NVIDIA's incorporation date and location.
Item 1. (Part 2),How does utilizing a fabless and contracting manufacturing strategy benefit the company's resource allocation?,"By employing and partnering with key suppliers for manufacturing phases such as wafer fabrication, assembly, testing, and packaging, the company avoids the significant costs and risks associated with owning and operating its own manufacturing facilities. This allows the company to focus its resources on product design, quality assurance, marketing, and customer support.","We utilize a fabless and contracting manufacturing strategy, whereby we employ and partner with key suppliers for all phases of the manufacturing process, including wafer fabrication, assembly, testing, and packaging... Additionally, we can avoid many of the significant costs and risks associated with owning and operating manufacturing operations... As a result, we can focus our resources on product design, quality assurance, marketing, and customer support.",reasoning,medium,True,"The answer accurately synthesizes the information provided in the passage, specifically linking the outsourcing strategy to the avoidance of manufacturing costs and the resulting ability to focus resources on design, quality, marketing, and support."
Item 1. (Part 3),What are the principal competitive factors identified by the company in its market?,"The principal competitive factors in the market include performance, breadth of product offerings, access to customers and partners and distribution channels, software support, conformity to industry standard APIs, manufacturing capabilities, processor pricing, and total system costs.","The market for our products is intensely competitive and is characterized by rapid technological change and evolving industry standards. We believe that the principal competitive factors in this market are performance, breadth of product offerings, access to customers and partners and distribution channels, software support, conformity to industry standard APIs, manufacturing capabilities, processor pricing, and total system costs.",extractive,easy,True,The answer directly lists the competitive factors explicitly stated in the passage without adding any outside information.
Item 1. (Part 3),What are the potential negative impacts on the company's business operations if U.S. government export controls change?,"If export controls change, the company may be unable to sell its existing inventory of products subject to licensing requirements and may be unable to develop non-restricted replacement products. Additionally, because the company's supply chain is concentrated in the Asia-Pacific region, these controls could limit the availability of alternative manufacturing locations.","In the event of such change, we may be unable to sell our inventory of such products and may be unable to develop replacement products not subject to the licensing requirements... While we work to enhance the resiliency and redundancy of our supply chain, which is currently concentrated in the Asia-Pacific region, new and existing export controls or changes to existing export controls could limit alternative manufacturing locations and negatively impact our business.",reasoning,medium,True,"The answer accurately reflects the risks described in the passage, specifically regarding the inability to sell inventory, the challenges in developing replacement products, and the limitation of alternative manufacturing locations due to supply chain concentration in the Asia-Pacific region."
Item 1. (Part 4),What was NVIDIA's overall turnover rate in fiscal year 2024?,NVIDIA's overall turnover rate in fiscal year 2024 was 2.7%.,"We want NVIDIA to be a place where people can build their careers over their lifetime. Our employees tend to come and stay. In fiscal year 2024, our overall turnover rate was 2.7%.",extraction,easy,True,"The answer directly reflects the information provided in the passage, which states the fiscal year 2024 turnover rate was 2.7%."
Item 1. (Part 4),"According to the provided text, what was NVIDIA's overall employee turnover rate for fiscal year 2024?",NVIDIA's overall employee turnover rate for fiscal year 2024 was 2.7%.,"We want NVIDIA to be a place where people can build their careers over their lifetime. Our employees tend to come and stay. In fiscal year 2024, our overall turnover rate was 2.7%.",extraction,easy,True,"The answer directly reflects the information provided in the passage, which states the overall turnover rate was 2.7% for fiscal year 2024."
Item 1A. (Part 1),What are some of the potential financial consequences for the company when there is a significant mismatch between supply and demand?,"A significant mismatch between supply and demand has resulted in both product shortages and excess inventory, which has significantly harmed the company's financial results.","If our estimates of customer demand are inaccurate, as we have experienced in the past, there could be a significant mismatch between supply and demand. This mismatch has resulted in both product shortages and excess inventory, has varied across our market platforms, and has significantly harmed our financial results.",factual,easy,True,"The answer accurately reflects the information in the passage, stating that the mismatch causes product shortages and excess inventory, which leads to harm to financial results."
Item 1A. (Part 2),When did the company begin shipping its Grace CPU and Grace Hopper Superchips?,The company began shipping its Grace CPU and Grace Hopper Superchip offerings in the third quarter of fiscal year 2024.,"Additionally, we started shipping our CPU product offerings, the Grace CPU and Grace Hopper Superchips, in the third quarter of fiscal year 2024.",factual,easy,True,"The answer directly reflects the information provided in the passage, stating the exact fiscal quarter mentioned."
Item 1A. (Part 2),"What strategic change in product release strategy does the company intend to implement to address AI opportunities, and what is a potential operational drawback of this increased frequency?",The company plans to adopt a broader and faster Data Center product launch cadence. A potential drawback is that this increased frequency may magnify the challenges of managing supply and demand due to long manufacturing lead times.,We will have a broader and faster Data Center product launch cadence to meet a growing and diverse set of AI opportunities. The increased frequency of these transitions may magnify the challenges associated with managing our supply and demand due to long manufacturing lead times.,reasoning,medium,True,The answer accurately reflects the strategic change and the operational drawback as explicitly stated in the passage.
Item 1A. (Part 3),What potential issues may be present in the AI software products offered by the company or its partners due to the use of third-party training data and new training methods?,"The resulting products may contain unknown or undetected defects and errors, or reflect unintended bias.","AI software products we or our partners offer rely on 18 Table of Contents training data that may originate from third parties and new training methods, and the resulting products may contain unknown or undetected defects and errors, or reflect unintended bias.",reading_comprehension,medium,True,The answer directly restates the potential issues explicitly mentioned in the passage regarding the AI software products.
Item 1A. (Part 4),"Which specific company operations are geographically concentrated in California, according to the text?","The company's corporate headquarters, a large portion of its current data center capacity, and a portion of its research and development activities are located in California.","Our corporate headquarters, a large portion of our current data center capacity, and a portion of our research and development activities are located in California, and other critical business operations, finished goods inventory and some of our suppliers are located in Asia, making our operations vulnerable to natural disasters such as earthquakes, wildfires or other business disruptions occurring in these geographical areas.",extraction,easy,True,The answer accurately lists the specific operations mentioned in the passage as being located in California without adding any external information.
Item 1A. (Part 6),"According to the USG announcement in October 2023, which specific products were identified as exceeding certain performance thresholds and thus subject to new and updated licensing requirements?","The products identified were the A100, A800, H100, H800, L4, L40, L40S, and RTX 4090.","In October 2023, the USG announced new and updated licensing requirements that became effective in our fourth quarter of fiscal year 2024 for exports to China and Country Groups D1, D4, and D5 (including but not limited to, Saudi Arabia, the United Arab Emirates, and Vietnam, but excluding Israel) of our products exceeding certain performance thresholds, including A100, A800, H100, H800, L4, L40, L40S and RTX 4090.",extraction,easy,True,The answer accurately lists the products identified in the passage as exceeding the performance thresholds for the new USG licensing requirements.
Item 1A. (Part 9),"According to the agreement with Microsoft for the Xbox, what specific condition triggers Microsoft's potential first and last rights of refusal to purchase NVIDIA stock?",Microsoft may have first and last rights of refusal if someone makes an offer to purchase at least 30% of NVIDIA's outstanding common stock.,"Under our agreement with Microsoft for the Xbox, if someone makes an offer to purchase at least 30% of our outstanding common stock, Microsoft may have first and last rights of refusal to purchase the stock. These provisions could delay or prevent a change in control of NVIDIA, discourage proxy contests, and make it more difficult for shareholders to elect directors of their choosing and to cause us to take other corporate actions they desire.",reasoning,medium,True,The answer accurately reflects the condition stated in the passage: an offer to purchase at least 30% of outstanding common stock triggers Microsoft's rights.
Item 1A. (Part 9),What are two specific governance provisions mentioned in the text that restrict shareholder rights regarding special meetings and written consent?,The text identifies the inability of shareholders to act by written consent or call special meetings as the relevant governance provisions that restrict these actions.,the inability of our shareholders to act by written consent or call special meetings,reasoning,medium,True,"The answer accurately reflects the information provided in the passage, identifying the two specific limitations (inability to act by written consent and inability to call special meetings) as the governance provisions."
Item 1A. (Part 9),How do the governance provisions and the Microsoft agreement each impact a potential change in control for NVIDIA?,"Both the governance provisions and the Microsoft agreement serve to delay or prevent a change in control. The governance provisions accomplish this by discouraging proxy contests and making it harder for shareholders to elect directors or cause corporate actions, while the Microsoft agreement provides Microsoft with first and last rights of refusal to purchase stock if an offer is made for at least 30% of NVIDIA's outstanding common stock.","number of directors, and to make, amend or repeal our bylaws without prior shareholder approval; the inability of our shareholders to act by written consent or call special meetings; advance notice requirements for director nominations and shareholder proposals; and a super-majority voting requirement to amend some provisions in our certificate of incorporation and bylaws. Under our agreement with Microsoft for the Xbox, if someone makes an offer to purchase at least 30% of our outstanding common stock, Microsoft may have first and last rights of refusal to purchase the stock. These provisions could delay or prevent a change in control of NVIDIA, discourage proxy contests, and make it more difficult for shareholders to elect directors of their choosing and to cause us to take other corporate actions they desire.",comparison,medium,True,"The answer accurately summarizes the passage, stating that both sets of provisions act to delay or prevent a change in control, and correctly explains the specific mechanism for each based on the text provided."
Item 1C. (Part 1),What process does the company use to evaluate cybersecurity risks associated with third-party vendors?,The company employs a vendor risk assessment process that involves distributing and reviewing supplier questionnaires to evaluate the cybersecurity risks encountered when working with third parties who have access to sensitive company information.,We also have a vendor risk assessment process consisting of the distribution and review of supplier questionnaires designed to help us evaluate cybersecurity risks that we may encounter when working with third parties that have access to confidential and other sensitive company information.,descriptive,easy,True,"The answer accurately reflects the vendor risk assessment process described in the passage, specifically mentioning the distribution and review of supplier questionnaires to evaluate cybersecurity risks related to third parties with access to sensitive information."
Item 5. (Part 1),"Over the five-year period ending January 28, 2024, which investment yielded a higher cumulative total return based on an initial $100 investment: NVIDIA common stock or the S&P 500 Index?",NVIDIA common stock,"The following graph compares the cumulative total shareholder return for our common stock, the S&P 500 Index, and the Nasdaq 100 Index for the five years ended January 28, 2024. The graph assumes that $100 was invested on January 27, 2019 in our common stock and in each of the S&P 500 Index and the Nasdaq 100 Index. [...] 1/28/2024 NVIDIA Corporation $ 1,536.28; S&P 500 $ 199.83",comparative,medium,True,"The passage provides the final values for a $100 investment made on January 27, 2019: NVIDIA common stock grew to $1,536.28, while the S&P 500 grew to $199.83. Since $1,536.28 is greater than $199.83, the NVIDIA common stock yielded a higher cumulative return."
Item 7. (Part 1),"According to the Fiscal Year 2024 Summary table, what was the total revenue for the year ended January 28, 2024, stated in millions?","$60,922 million","Fiscal Year 2024 Summary Year Ended Jan 28, 2024 Jan 29, 2023 Change ($ in millions, except per share data) Revenue $ 60,922 $ 26,974 Up 126%",factual,easy,True,"The passage explicitly states that for the year ended Jan 28, 2024, the revenue was $60,922 in millions."
Item 7. (Part 1),What potential financial impacts might the company face due to the increasing frequency and complexity of newly introduced products?,"The increasing frequency and complexity of new product introductions could result in quality or production issues, which may lead to increased inventory provisions, higher warranty or other costs, or cause product delays.","The increasing frequency and complexity of newly introduced products could result in quality or production issues that could increase inventory provisions, warranty or other costs or result in product delays.",causal,medium,True,"The answer accurately reflects the potential financial impacts and operational consequences mentioned in the passage, specifically inventory provisions, warranty or other costs, and product delays."
Item 7A. (Part 1),"What is the total amount of senior Notes outstanding as of the end of fiscal year 2024, and does this debt carry financial statement risk related to interest rate fluctuations?","As of the end of fiscal year 2024, the company had $9.7 billion of senior Notes net outstanding. The company has no financial statement risk associated with interest rate changes for these Notes because they bear interest at a fixed rate.","As of the end of fiscal year 2024, we had $9.7 billion of senior Notes net outstanding. We carry the Notes at face value less unamortized discount on our Consolidated Balance Sheets. As the Notes bear interest at a fixed rate, we have no 43 Table of Contents financial statement risk associated with changes in interest rates.",descriptive,medium,True,"The answer accurately reflects the information provided in the passage, stating the amount of senior notes and correctly explaining that there is no financial statement risk due to the fixed interest rate."
Item 9A. (Part 1),What is the stated purpose of the ERP system being upgraded by the company?,The ERP system is designed to accurately maintain the company's financial records used to report operating results.,The ERP system is designed to accurately maintain our financial records used to report operating results.,factual,easy,True,The answer directly reflects the information provided in the passage regarding the purpose of the ERP system.
Item 10. (Part 1),Which specific caption in the 2024 Proxy Statement contains information regarding compliance with Section 16(a) of the Exchange Act?,Delinquent Section 16(a) Reports,"Information regarding compliance with Section 16(a) of the Exchange Act required by this item will be contained in our 2024 Proxy Statement under the caption “Delinquent Section 16(a) Reports,” and is hereby incorporated by reference.",factual,easy,True,The passage explicitly states that the information regarding compliance with Section 16(a) is contained in the 2024 Proxy Statement under the caption 'Delinquent Section 16(a) Reports'.
Item 10. (Part 1),Where will information regarding the Audit Committee be located in the 2024 Proxy Statement according to the provided text?,Information regarding the Audit Committee will be contained under the captions 'Report of the Audit Committee of the Board of Directors' and 'Information About the Board of Directors and Corporate Governance'.,"Information regarding our Audit Committee required by this item will be contained in our 2024 Proxy Statement under the captions “Report of the Audit Committee of the Board of Directors” and “Information About the Board of Directors and Corporate Governance,” and is hereby incorporated by reference.",extraction,easy,True,The answer accurately reflects the specific captions mentioned in the passage where the Audit Committee information will be located.
Item 15. (Part 1),Which accounting firm signed the Report of Independent Registered Public Accounting Firm for NVIDIA Corporation in the provided document?,PricewaterhouseCoopers LLP,"/s/ PricewaterhouseCoopers LLP San Jose, California February 21, 2024 We have served as the Company’s auditor since 2004.",factual,easy,True,"The passage explicitly states 'PricewaterhouseCoopers LLP' as the entity signing the document in San Jose, California, on February 21, 2024."
Item 15. (Part 1),"Beyond management's significant judgment in developing inventory provisions, what specific factors caused the valuation of inventories to be classified as a critical audit matter for the auditor?","The valuation of inventories was classified as a critical audit matter because, in addition to management's significant judgment, the process also necessitated significant auditor judgment, subjectivity, and effort in performing procedures and evaluating management’s assumptions related to future demand and market conditions.","The principal considerations for our determination that performing procedures relating to the valuation of inventories, specifically the provisions for excess or obsolete inventories and excess product purchase commitments, is a critical audit matter are the significant judgment by management when developing provisions for excess or obsolete inventories and excess product purchase commitments, including developing assumptions related to future demand and market conditions. This in turn led to significant auditor judgment, subjectivity, and effort in performing procedures and evaluating management’s assumptions related to future demand and market conditions.",reasoning,medium,True,"The answer accurately reflects the information provided in the passage, specifically identifying the auditor's significant judgment, subjectivity, and effort in evaluating management's assumptions as the additional factors."
Item 15. (Part 2),"What was the amount of net cash provided by operating activities for NVIDIA for the fiscal year ended January 28, 2024, as compared to the fiscal year ended January 29, 2023?","For the fiscal year ended January 28, 2024, the net cash provided by operating activities was $28,090 million, and for the fiscal year ended January 29, 2023, it was $5,641 million.","Consolidated Statements of Cash Flows (In millions) Year Ended Jan 28, 2024 Jan 29, 2023 Jan 30, 2022 ... Net cash provided by operating activities 28,090 5,641 9,108",quantitative,easy,True,"The answer accurately extracts the values for net cash provided by operating activities for the requested dates directly from the provided passage. Although the passage does not name the company, the answer correctly identifies the figures associated with the provided dates."
Item 15. (Part 2),"How much did NVIDIA spend on repurchases of common stock in the fiscal year ended January 29, 2023, according to the Consolidated Statements of Cash Flows?","$10,039 million","Consolidated Statements of Cash Flows (In millions) Year Ended Jan 28, 2024 Jan 29, 2023 Jan 30, 2022 ... Payments related to repurchases of common stock ( 9,533 ) ( 10,039 ) —",extraction,medium,True,"The passage explicitly states that for the year ended Jan 29, 2023, the payments related to repurchases of common stock were (10,039) in millions."
